,row_ids,dog_age,dog_sex,dog_neutered,dog_hunt,dog_hunt,dog_hunt_freq
0,aditi_5,3-5 years,Male,Neutered,No,,
1,aditi_6,1-3 years,Male,Neutered,No,,
2,aditi_7,1-3 years,Male,Not neutered,No,,
3,aditi_11,3-5 years,Male,Not neutered,No,,
4,aditi_12,1-3 years,Male,Not neutered,No,,
5,aditi_14,1-3 years,Male,Not neutered,No,,
6,aditi_16,5-8 years,Female,Not neutered,Yes,"Rodents (rats, mice)",Once in 15 days
7,aditi_17,8 - 12 years,Male,Not neutered,Yes,Birds,Once every few months
8,aditi_19,1-3 years,Male,Not neutered,No,,
9,aditi_20,,Male,Not neutered,No,,
10,aditi_21,1-3 years,Male,Not neutered,No,,
11,aditi_22,1-3 years,Male,Neutered,Yes,"Rodents (rats, mice)",Once every few months
12,aditi_23,1-3 years,Male,Neutered,No,,
13,aditi_24,3 months - 1 year,Female,Not neutered,No,,
14,aditi_25,1-3 years,Female,Not neutered,No,,
15,aditi_26,8 - 12 years,Female,Not neutered,No,,
16,aditi_27,3 months - 1 year,Male,,No,,
17,aditi_28,8 - 12 years,Male,Not neutered,No,,
18,aditi_31,3 months - 1 year,Male,Neutered,No,,
19,aditi_32,1-3 years,Male,Neutered,No,,
20,aditi_33,1-3 years,Female,Not neutered,No,,
21,aditi_34,1-3 years,Male,Neutered,No,,
22,aditi_35,1-3 years,Male,Not neutered,No,,
23,aditi_36,1-3 years,Female,Neutered,No,,
24,aditi_37,5-8 years,Male,Not neutered,No,,
25,aditi_40,8 - 12 years,Male,Neutered,No,,
26,aditi_41,1-3 years,Male,Not neutered,No,,
27,aditi_43,12 years and older,Female,Neutered,No,,
28,aditi_46,1-3 years,Male,Not neutered,No,,
29,aditi_51,5-8 years,Female,Not neutered,No,,
30,aditi_53,3 months - 1 year,Female,Not neutered,No,,
31,aditi_54,1-3 years,Male,Not neutered,No,,
32,aditi_55,3 months - 1 year,Male,Not neutered,No,,
33,aditi_56,1-3 years,Male,Neutered,No,,
34,aditi_57,5-8 years,Male,Not neutered,No,,
35,aditi_58,3 months - 1 year,Male,Not neutered,Yes,"Reptiles (lizards,Â geckos, snakes)",Once every few months
36,aditi_61,0-3 months,Male,Neutered,No,,
37,aditi_62,1-3 years,Male,Neutered,No,,
38,aditi_63,1-3 years,Male,Not neutered,Yes,"Rodents (rats, mice)",Once in 15 days
39,aditi_64,3-5 years,Female,Not neutered,No,,
40,aditi_66,3-5 years,Male,Not neutered,No,,
41,aditi_69,8 - 12 years,Female,Neutered,No,,
42,aditi_70,8 - 12 years,Male,Neutered,No,,
43,aditi_71,3-5 years,Male,Not neutered,Yes,"Rodents (rats, mice)",Once every few months
44,aditi_74,3-5 years,Female,Not neutered,No,,
45,aditi_76,3-5 years,Male,Not neutered,No,,
46,aditi_77,3 months - 1 year,Female,Not neutered,Yes,Birds,Once a week
47,aditi_78,3-5 years,Female,Not neutered,No,,
48,aditi_79,5-8 years,Male,Not neutered,No,,
49,aditi_80,5-8 years,Male,Not neutered,No,,
50,aditi_81,12 years and older,Male,Neutered,No,,
51,aditi_82,12 years and older,Male,Not neutered,No,,
52,aditi_86,1-3 years,,,No,,
53,aditi_87,0-3 months,Male,Neutered,No,,
54,aditi_88,5-8 years,Female,Neutered,No,,
55,aditi_89,1-3 years,Male,Neutered,No,,
56,aditi_90,3 months - 1 year,Male,Not neutered,No,,
57,aditi_91,8 - 12 years,Male,Not neutered,No,,
58,aditi_93,5-8 years,Female,Not neutered,Yes,Birds,Once every few months
59,aditi_95,3-5 years,Female,Not neutered,No,,
60,aditi_96,1-3 years,Male,Not neutered,Yes,Birds,Once every few months
61,aditi_97,1-3 years,Male,Neutered,No,,
62,aditi_98,3-5 years,Male,Neutered,No,,
63,aditi_99,3-5 years,Female,Neutered,Yes,Birds,Once every few months
64,aditi_100,3 months - 1 year,Male,Not neutered,No,,
65,aditi_101,1-3 years,Male,Not neutered,No,,
66,aditi_102,3 months - 1 year,Female,Neutered,Yes,Birds,Once a month
67,aditi_103,1-3 years,Male,Not neutered,No,,
68,aditi_104,8 - 12 years,Female,Not neutered,Yes,Birds,Once a month
69,aditi_105,5-8 years,Male,Not neutered,No,,
70,aditi_106,3 months - 1 year,Male,Not neutered,No,,
71,aditi_107,1-3 years,Male,Not neutered,Yes,Birds,Once every few months
72,aditi_108,5-8 years,Female,Not neutered,Yes,Birds,Once every few months
73,aditi_109,3 months - 1 year,Female,Not neutered,Have not observed,,
74,aditi_110,12 years and older,Female,Not neutered,No,,
75,aditi_113,3-5 years,Female,Neutered,No,,
76,aditi_114,3 months - 1 year,Male,Not neutered,No,,
77,aditi_115,5-8 years,Male,Not neutered,No,,
78,aditi_117,5-8 years,Male,Neutered,Yes,Birds,Once every few months
79,aditi_119,3 months - 1 year,Female,Not neutered,No,,
80,aditi_120,3 months - 1 year,Male,Not neutered,No,,
81,aditi_121,3-5 years,Female,Not neutered,No,,
82,aditi_122,3 months - 1 year,Female,Not neutered,No,,
83,aditi_123,1-3 years,Male,Not neutered,No,,
84,aditi_124,3-5 years,Male,Not neutered,No,,
85,aditi_126,3-5 years,Female,Not neutered,No,,
86,aditi_127,8 - 12 years,Male,Not neutered,No,,
87,aditi_128,8 - 12 years,Male,Not neutered,No,,
88,aditi_129,3-5 years,Male,Neutered,No,,
89,aditi_130,1-3 years,Female,Neutered,No,,
90,aditi_131,3-5 years,Female,Neutered,No,,
91,aditi_132,1-3 years,Female,Neutered,No,,
92,aditi_134,12 years and older,Male,Neutered,Have not observed,,
93,aditi_136,1-3 years,Male,Neutered,No,,
94,aditi_140,1-3 years,Male,Neutered,No,,
95,aditi_141,5-8 years,Male,Neutered,Have not observed,,
96,aditi_143,3-5 years,Male,Not neutered,No,,
97,aditi_144,3-5 years,Female,Not neutered,No,,
98,aditi_145,1-3 years,Female,Not neutered,Have not observed,,
99,aditi_146,5-8 years,Male,Not neutered,No,,
100,aditi_148,3 months - 1 year,Male,Not neutered,No,,
101,aditi_151,,Male,Neutered,No,,
102,aditi_152,1-3 years,Male,Not neutered,No,,
103,aditi_153,1-3 years,Male,Not neutered,No,,
104,aditi_154,5-8 years,Male,Neutered,No,,
105,aditi_155,5-8 years,Male,Not neutered,No,,
106,aditi_156,5-8 years,Male,Not neutered,No,,
107,aditi_158,0-3 months,Female,Neutered,No,,
108,aditi_160,1-3 years,Male,Not neutered,No,,
109,aditi_161,8 - 12 years,Female,Not neutered,No,,
110,aditi_162,3 months - 1 year,Male,Neutered,No,,
111,aditi_163,3-5 years,Female,Neutered,No,,
112,aditi_164,1-3 years,Male,Not neutered,Have not observed,,
113,aditi_165,1-3 years,Male,Neutered,No,,
114,aditi_169,3 months - 1 year,Male,Not neutered,Yes,"Insects (butterflies, dragonflies, crickets, grasshoppers)",Once a week
115,aditi_170,1-3 years,Male,Neutered,No,,
116,aditi_171,1-3 years,Male,Neutered,No,,
117,aditi_175,5-8 years,Male,Not neutered,No,,
118,samyamee_1,0-3 months,Male,Neutered,,,
119,samyamee_2,3 months - 1 year,Male,Neutered,,,
120,samyamee_5,3-5 years,Female,Neutered,,,
121,samyamee_7,3 months - 1 year,Male,Neutered,No,,
122,samyamee_8,1-3 years,Female,Neutered,No,,
123,samyamee_10,12 years and older,Female,Neutered,No,,
124,samyamee_16,3-5 years,Female,Neutered,No,,
125,samyamee_19,3 months - 1 year,Female,Not neutered,No,,
126,samyamee_23,0-3 months,Male,Not neutered,Yes,Cat;,Once every few months
127,samyamee_24,1-3 years,Male,Neutered,No,,
128,samyamee_25,5-8 years,Male,Not neutered,No,,
129,samyamee_26,5-8 years,Female,Neutered,No,,
130,samyamee_28,1-3 years,Male,Not neutered,No,,
131,samyamee_29,12 years and older,Male,Not neutered,Yes,"Mouse, grasshopper, chameleon;",Once every few months
132,samyamee_43,3-5 years,Male,Neutered,Yes,Birds;,Once a month
133,samyamee_47,3-5 years,Male,Not neutered,No,,
134,samyamee_48,3-5 years,Male,Not neutered,No,,
135,samyamee_49,3 months - 1 year,Male,Not neutered,No,,
136,samyamee_53,5-8 years,Female,Not neutered,No,,
137,samyamee_54,5-8 years,Male,Neutered,No,,
138,samyamee_56,3-5 years,Male,Neutered,No,,
139,samyamee_57,3-5 years,Male,Not neutered,No,,
140,samyamee_58,0-3 months,Male,Not neutered,No,,
141,samyamee_59,1-3 years,Female,Not neutered,No,,
142,samyamee_60,1-3 years,Male,Not neutered,No,,
143,samyamee_61,3 months - 1 year,Male,Not neutered,Yes,"Insects (butterflies, dragonflies, crickets, grasshoppers);Reptiles (lizards, geckos, snakes);",Once a month
144,samyamee_62,1-3 years,Female,Neutered,No,,
145,samyamee_63,12 years and older,Male,Not neutered,No,,
146,samyamee_65,5-8 years,Male,Neutered,No,,
147,samyamee_66,1-3 years,Male,Not neutered,No,,
148,samyamee_67,0-3 months,Male,Not neutered,No,,
149,samyamee_68,1-3 years,Male,Not neutered,No,,
150,samyamee_69,3-5 years,Male,Neutered,No,,
151,samyamee_70,1-3 years,Male,Not neutered,No,,
152,samyamee_73,8 - 12 years,Male,Neutered,No,,
153,samyamee_74,3-5 years,Female,Neutered,No,,
154,samyamee_76,3-5 years,Male,Not neutered,No,,
155,samyamee_78,,Male,Neutered,No,,
156,samyamee_79,3-5 years,Female,Not neutered,No,,
157,samyamee_82,12 years and older,Male,Not neutered,Yes,"Insects (butterflies, dragonflies, crickets, grasshoppers);Amphibians (frogs, toads);Birds;Hunts insects; when the dog hunts (older one) birds, it just kills them but doesn't bring home;",Once every few months
158,samyamee_84,,Female,Neutered,Have not observed,,
159,samyamee_85,8 - 12 years,Male,Neutered,Yes,Birds;Civet;,
160,samyamee_86,8 - 12 years,Male,Neutered,No,,
161,samyamee_87,1-3 years,Female,Neutered,No,,
162,samyamee_90,1-3 years,Male,Neutered,No,,
163,samyamee_91,8 - 12 years,Male,Not neutered,No,,
164,samyamee_92,1-3 years,Female,Not neutered,No,,
165,samyamee_93,5-8 years,Male,Not neutered,No,,
166,samyamee_94,3 months - 1 year,Female,Not neutered,No,,
167,samyamee_95,5-8 years,Male,Neutered,No,,
168,samyamee_96,12 years and older,Female,Neutered,No,,
169,samyamee_97,3 months - 1 year,Male,Not neutered,No,,
170,samyamee_98,1-3 years,Male,Neutered,No,,
171,samyamee_99,1-3 years,Male,Neutered,No,,
172,samyamee_100,1-3 years,Male,Not neutered,No,,
173,samyamee_103,3-5 years,Male,Not neutered,Have not observed,,
174,samyamee_105,0-3 months,Female,Not neutered,Have not observed,,
175,samyamee_107,3 months - 1 year,Male,Not neutered,Have not observed,,
176,samyamee_108,8 - 12 years,Male,Not neutered,No,,
177,samyamee_109,1-3 years,Male,Not neutered,No,,
178,samyamee_110,1-3 years,Male,Neutered,,,
179,samyamee_111,8 - 12 years,Male,Not neutered,No,,
180,samyamee_112,3 months - 1 year,Female,Not neutered,No,,
181,samyamee_114,12 years and older,Female,Not neutered,Yes,,Once every few months
182,samyamee_115,1-3 years,Male,Neutered,Have not observed,,
183,samyamee_116,8 - 12 years,Male,Neutered,No,,
184,samyamee_117,,Female,Neutered,No,,
185,samyamee_118,3-5 years,Female,Neutered,No,,
186,samyamee_119,1-3 years,Female,Not neutered,No,,
187,samyamee_121,1-3 years,Female,Neutered,No,,
188,samyamee_123,,Male,Neutered,No,,
189,samyamee_124,3 months - 1 year,Male,Neutered,Yes,"Reptiles (lizards, geckos, snakes);Insects (butterflies, dragonflies, crickets, grasshoppers);",Once in 15 days
190,samyamee_125,1-3 years,Female,Neutered,Yes,Dinosaur;,Everyday
191,samyamee_126,1-3 years,Male,Not neutered,No,,
192,samyamee_127,1-3 years,Male,Neutered,No,,
193,hindi_1,1-3 years,Female,Not neutered,No,,
194,hindi_2,1-3 years,Male,Not neutered,No,,
195,hindi_3,3 months - 1 year,Male,Not neutered,No,,
196,hindi_4,1-3 years,Male,Not neutered,No,,
197,hindi_6,3 months - 1 year,Male,Not neutered,No,,
198,hindi_7,1-3 years,Male,Not neutered,No,,
199,hindi_8,1-3 years,Female,Not neutered,No,,
200,hindi_9,1-3 years,Male,Neutered,No,,
201,hindi_10,8 - 12 years,Female,Not neutered,No,,
202,hindi_11,5-8 years,Male,Not neutered,No,,
203,hindi_12,1-3 years,Female,Neutered,No,,
204,hindi_13,3 months - 1 year,Male,Neutered,No,,
205,hindi_15,1-3 years,Female,Not neutered,No,,
206,hindi_16,8 - 12 years,Female,Not neutered,No,,
207,hindi_17,1-3 years,Male,Not neutered,No,,
208,hindi_18,5-8 years,Male,Neutered,No,,
209,hindi_19,5-8 years,Male,Neutered,No,,
210,hindi_21,8 - 12 years,Male,Neutered,No,,
211,hindi_22,8 - 12 years,Male,Neutered,No,,
212,hindi_23,1-3 years,Female,Neutered,Yes,"Rodents (rats, mice)",Once every few months
213,hindi_24,1-3 years,Female,Not neutered,Yes,"Rodents (rats, mice)",Once a month
214,hindi_26,5-8 years,Female,Not neutered,No,,
215,hindi_27,1-3 years,Male,Not neutered,No,,
216,hindi_28,5-8 years,Female,Not neutered,No,,
217,hindi_29,1-3 years,Male,Not neutered,No,,
218,hindi_31,3-5 years,Male,Neutered,No,,
219,hindi_32,3 months - 1 year,Male,,No,,
220,hindi_34,3 months - 1 year,Male,Not neutered,No,,
221,hindi_35,,Male,,No,,
222,hindi_36,3 months - 1 year,Male,Not neutered,No,,
223,hindi_37,1-3 years,Male,Not neutered,No,,
224,hindi_38,3-5 years,Male,Not neutered,No,,
225,aditi_5,,,,No,,
226,aditi_6,,Male,Neutered,No,,
227,aditi_7,,,,No,,
228,aditi_11,1-3 years,Male,Not neutered,No,,
229,aditi_12,,,,No,,
230,aditi_14,,,,No,,
231,aditi_16,,,,Yes,,
232,aditi_17,,,,Yes,,
233,aditi_19,,,,No,,
234,aditi_20,,,,No,,
235,aditi_21,,,,No,,
236,aditi_22,,,,Yes,,
237,aditi_23,3-5 years,Female,Not neutered,No,,
238,aditi_24,3 months - 1 year,Male,Not neutered,No,,
239,aditi_25,,,,No,,
240,aditi_26,,,,No,,
241,aditi_27,1-3 years,Female,,No,,
242,aditi_28,,,,No,,
243,aditi_31,,,,No,,
244,aditi_32,,,,No,,
245,aditi_33,,,,No,,
246,aditi_34,,,,No,,
247,aditi_35,1-3 years,Male,Not neutered,No,,
248,aditi_36,,,,No,,
249,aditi_37,3 months - 1 year,Female,Not neutered,No,,
250,aditi_40,,,,No,,
251,aditi_41,,,,No,,
252,aditi_43,1-3 years,Male,Neutered,No,,
253,aditi_46,,,,No,,
254,aditi_51,,,Not neutered,No,,
255,aditi_53,,,,No,,
256,aditi_54,0-3 months,Female,Not neutered,No,,
257,aditi_55,,,,No,,
258,aditi_56,1-3 years,Female,Neutered,No,,
259,aditi_57,,,,No,,
260,aditi_58,,,,Yes,,
261,aditi_61,,,,No,,
262,aditi_62,,,,No,,
263,aditi_63,,,,Yes,,
264,aditi_64,,,,No,,
265,aditi_66,1-3 years,Female,Not neutered,No,,
266,aditi_69,,,,No,,
267,aditi_70,,,,No,,
268,aditi_71,,,,Yes,,
269,aditi_74,,,,No,,
270,aditi_76,8 - 12 years,Female,Neutered,No,,
271,aditi_77,,,,Yes,,
272,aditi_78,,,,No,,
273,aditi_79,,,,No,,
274,aditi_80,,,,No,,
275,aditi_81,,,,No,,
276,aditi_82,,,,No,,
277,aditi_86,,Male,Neutered,No,,
278,aditi_87,,,,No,,
279,aditi_88,3 months - 1 year,Male,Not neutered,No,,
280,aditi_89,,,,No,,
281,aditi_90,,,,No,,
282,aditi_91,,,,No,,
283,aditi_93,,,,Yes,,
284,aditi_95,,,,No,,
285,aditi_96,,,,Yes,,
286,aditi_97,,,,No,,
287,aditi_98,,,,No,,
288,aditi_99,,,,Yes,,
289,aditi_100,,,,No,,
290,aditi_101,,,,No,,
291,aditi_102,3 months - 1 year,Female,Neutered,Yes,"Rodents (rats, mice)",Once every few months
292,aditi_103,,,,No,,
293,aditi_104,,,,Yes,,
294,aditi_105,,,,No,,
295,aditi_106,,Male,Not neutered,No,,
296,aditi_107,,,,Yes,,
297,aditi_108,,,,Yes,,
298,aditi_109,,,,Have not observed,,
299,aditi_110,8 - 12 years,Female,Not neutered,No,,
300,aditi_113,3-5 years,Male,Neutered,No,,
301,aditi_114,,,,No,,
302,aditi_115,,,,No,,
303,aditi_117,3 months - 1 year,Male,Not neutered,Yes,,
304,aditi_119,,,,No,,
305,aditi_120,,,,No,,
306,aditi_121,5-8 years,Female,Neutered,No,,
307,aditi_122,3 months - 1 year,,,No,,
308,aditi_123,1-3 years,Male,Not neutered,No,,
309,aditi_124,,,,No,,
310,aditi_126,5-8 years,Male,Not neutered,No,,
311,aditi_127,,,,No,,
312,aditi_128,,,,No,,
313,aditi_129,3-5 years,Female,Not neutered,No,,
314,aditi_130,,,,No,,
315,aditi_131,,,,No,,
316,aditi_132,,,,No,,
317,aditi_134,,,,Have not observed,,
318,aditi_136,8 - 12 years,Male,Neutered,No,,
319,aditi_140,8 - 12 years,Female,Neutered,No,,
320,aditi_141,,,,Have not observed,,
321,aditi_143,,,,No,,
322,aditi_144,,,,No,,
323,aditi_145,,,,Have not observed,,
324,aditi_146,,,,No,,
325,aditi_148,3 months - 1 year,Male,Not neutered,No,,
326,aditi_151,,,,No,,
327,aditi_152,,,,No,,
328,aditi_153,1-3 years,Male,Not neutered,No,,
329,aditi_154,,,,No,,
330,aditi_155,5-8 years,Female,Neutered,No,,
331,aditi_156,,,,No,,
332,aditi_158,1-3 years,Female,Neutered,No,,
333,aditi_160,,,,No,,
334,aditi_161,,,,No,,
335,aditi_162,,,,No,,
336,aditi_163,,,,No,,
337,aditi_164,3-5 years,Male,Not neutered,Have not observed,,
338,aditi_165,,,,No,,
339,aditi_169,,,,Yes,,
340,aditi_170,,,,No,,
341,aditi_171,,,,No,,
342,aditi_175,,,,No,,
343,samyamee_1,,,,,,
344,samyamee_2,,,,,,
345,samyamee_5,,,,,,
346,samyamee_7,,,,No,,
347,samyamee_8,,,,No,,
348,samyamee_10,,,,No,,
349,samyamee_16,3-5 years,Female,Neutered,No,,
350,samyamee_19,,,,No,,
351,samyamee_23,0-3 months,Female,Not neutered,Yes,,
352,samyamee_24,,,,No,,
353,samyamee_25,,,,No,,
354,samyamee_26,3 months - 1 year,Female,Not neutered,No,,
355,samyamee_28,1-3 years,Female,Not neutered,No,,
356,samyamee_29,,,,Yes,,
357,samyamee_43,,,,Yes,,
358,samyamee_47,,,,No,,
359,samyamee_48,8 - 12 years,Male,Not neutered,No,,
360,samyamee_49,,,,No,,
361,samyamee_53,3 months - 1 year,Male,Not neutered,No,,
362,samyamee_54,,,,No,,
363,samyamee_56,,,,No,,
364,samyamee_57,,,,No,,
365,samyamee_58,,,,No,,
366,samyamee_59,,,,No,,
367,samyamee_60,3-5 years,Male,Not neutered,No,,
368,samyamee_61,1-3 years,Male,Not neutered,Yes,,Once every few months
369,samyamee_62,1-3 years,Female,Not neutered,No,,
370,samyamee_63,,,,No,,
371,samyamee_65,,,,No,,
372,samyamee_66,8 - 12 years,Male,Not neutered,No,,
373,samyamee_67,12 years and older,Female,Not neutered,No,,
374,samyamee_68,8 - 12 years,Male,Not neutered,No,,
375,samyamee_69,,,,No,,
376,samyamee_70,,,,No,,
377,samyamee_73,,,,No,,
378,samyamee_74,,,,No,,
379,samyamee_76,,,,No,,
380,samyamee_78,,Male,Neutered,No,,
381,samyamee_79,3-5 years,Female,Not neutered,No,,
382,samyamee_82,5-8 years,Male,Not neutered,Yes,,Once every few months
383,samyamee_84,,,,Have not observed,,
384,samyamee_85,5-8 years,Female,Not neutered,Yes,,
385,samyamee_86,,,,No,,
386,samyamee_87,1-3 years,Male,Neutered,No,,
387,samyamee_90,1-3 years,Male,Neutered,No,,
388,samyamee_91,1-3 years,Male,Not neutered,No,,
389,samyamee_92,1-3 years,Female,Neutered,No,,
390,samyamee_93,3-5 years,Female,Not neutered,No,,
391,samyamee_94,,,,No,,
392,samyamee_95,,,,No,,
393,samyamee_96,1-3 years,Female,Not neutered,No,,
394,samyamee_97,,,,No,,
395,samyamee_98,,,,No,,
396,samyamee_99,,,,No,,
397,samyamee_100,3 months - 1 year,Female,Not neutered,No,,
398,samyamee_103,3-5 years,Female,Neutered,Have not observed,,
399,samyamee_105,1-3 years,Male,Neutered,Have not observed,,
400,samyamee_107,,,,Have not observed,,
401,samyamee_108,3-5 years,Female,Neutered,No,,
402,samyamee_109,,,,No,,
403,samyamee_110,1-3 years,Male,Neutered,,,
404,samyamee_111,,,,No,,
405,samyamee_112,,,,No,,
406,samyamee_114,5-8 years,Female,Not neutered,Yes,,Once every few months
407,samyamee_115,,,,Have not observed,,
408,samyamee_116,8 - 12 years,Female,Neutered,No,,
409,samyamee_117,,,,No,,
410,samyamee_118,,,,No,,
411,samyamee_119,3-5 years,Male,Not neutered,No,,
412,samyamee_121,1-3 years,Female,Not neutered,No,,
413,samyamee_123,,,,No,,
414,samyamee_124,,Female,Neutered,Yes,,Once in 15 days
415,samyamee_125,,,,Yes,,
416,samyamee_126,,,,No,,
417,samyamee_127,,,,No,,
418,hindi_1,3 months - 1 year,Female,Not neutered,No,,
419,hindi_2,,,,No,,
420,hindi_3,,,,No,,
421,hindi_4,1-3 years,Female,Neutered,No,,
422,hindi_6,,,,No,,
423,hindi_7,,,,No,,
424,hindi_8,,,,No,,
425,hindi_9,3-5 years,Female,Neutered,No,,
426,hindi_10,,,,No,,
427,hindi_11,,,,No,,
428,hindi_12,,,,No,,
429,hindi_13,1-3 years,Female,Neutered,No,,
430,hindi_15,,,,No,,
431,hindi_16,,,,No,,
432,hindi_17,,,,No,,
433,hindi_18,,,,No,,
434,hindi_19,,,,No,,
435,hindi_21,,,,No,,
436,hindi_22,,,,No,,
437,hindi_23,,,,Yes,,
438,hindi_24,0-3 months,Male,Not neutered,Yes,,
439,hindi_26,,,,No,,
440,hindi_27,,,,No,,
441,hindi_28,3-5 years,Male,Not neutered,No,,
442,hindi_29,,,,No,,
443,hindi_31,,,,No,,
444,hindi_32,,,,No,,
445,hindi_34,,,,No,,
446,hindi_35,,,,No,,
447,hindi_36,,,,No,,
448,hindi_37,1-3 years,Male,Not neutered,No,,
449,hindi_38,,,,No,,
450,aditi_5,,,,No,,
451,aditi_6,,Male,,No,,
452,aditi_7,,,,No,,
453,aditi_11,,,,No,,
454,aditi_12,,,,No,,
455,aditi_14,,,,No,,
456,aditi_16,,,,Yes,,
457,aditi_17,,,,Yes,,
458,aditi_19,,,,No,,
459,aditi_20,3-5 years,,,No,,
460,aditi_21,,,,No,,
461,aditi_22,,,,Yes,,
462,aditi_23,,,,No,,
463,aditi_24,,,,No,,
464,aditi_25,,,,No,,
465,aditi_26,,,,No,,
466,aditi_27,1-3 years,Male,,No,,
467,aditi_28,,,,No,,
468,aditi_31,,,,No,,
469,aditi_32,,,,No,,
470,aditi_33,,,,No,,
471,aditi_34,,,,No,,
472,aditi_35,,,,No,,
473,aditi_36,,,,No,,
474,aditi_37,,,,No,,
475,aditi_40,,,,No,,
476,aditi_41,,,,No,,
477,aditi_43,,,,No,,
478,aditi_46,,,,No,,
479,aditi_51,,,,No,,
480,aditi_53,,,,No,,
481,aditi_54,,,,No,,
482,aditi_55,,,,No,,
483,aditi_56,,,,No,,
484,aditi_57,,,,No,,
485,aditi_58,,,,Yes,,
486,aditi_61,,,,No,,
487,aditi_62,,,,No,,
488,aditi_63,,,,Yes,,
489,aditi_64,,,,No,,
490,aditi_66,,,,No,,
491,aditi_69,,,,No,,
492,aditi_70,,,,No,,
493,aditi_71,,,,Yes,,
494,aditi_74,,,,No,,
495,aditi_76,,,,No,,
496,aditi_77,,,,Yes,,
497,aditi_78,,,,No,,
498,aditi_79,,,,No,,
499,aditi_80,,,,No,,
500,aditi_81,,,,No,,
501,aditi_82,,,,No,,
502,aditi_86,,,,No,,
503,aditi_87,,,,No,,
504,aditi_88,,,,No,,
505,aditi_89,,,,No,,
506,aditi_90,,,,No,,
507,aditi_91,,,,No,,
508,aditi_93,,,,Yes,,
509,aditi_95,,,,No,,
510,aditi_96,,,,Yes,,
511,aditi_97,,,,No,,
512,aditi_98,,,,No,,
513,aditi_99,,,,Yes,,
514,aditi_100,,,,No,,
515,aditi_101,,,,No,,
516,aditi_102,0-3 months,Female,Not neutered,Yes,,
517,aditi_103,,,,No,,
518,aditi_104,,,,Yes,,
519,aditi_105,,,,No,,
520,aditi_106,,,,No,,
521,aditi_107,,,,Yes,,
522,aditi_108,,,,Yes,,
523,aditi_109,,,,Have not observed,,
524,aditi_110,5-8 years,Male,Not neutered,No,,
525,aditi_113,3-5 years,Male,Neutered,No,,
526,aditi_114,,,,No,,
527,aditi_115,,,,No,,
528,aditi_117,1-3 years,Male,Not neutered,Yes,,
529,aditi_119,,,,No,,
530,aditi_120,,,,No,,
531,aditi_121,,,,No,,
532,aditi_122,,,,No,,
533,aditi_123,,,,No,,
534,aditi_124,,,,No,,
535,aditi_126,,,,No,,
536,aditi_127,,,,No,,
537,aditi_128,,,,No,,
538,aditi_129,1-3 years,Male,Neutered,No,,
539,aditi_130,,,,No,,
540,aditi_131,,,,No,,
541,aditi_132,,,,No,,
542,aditi_134,,,,Have not observed,,
543,aditi_136,,,,No,,
544,aditi_140,,,,No,,
545,aditi_141,,,,Have not observed,,
546,aditi_143,,,,No,,
547,aditi_144,,,,No,,
548,aditi_145,,,,Have not observed,,
549,aditi_146,,,,No,,
550,aditi_148,,,,No,,
551,aditi_151,,,,No,,
552,aditi_152,,,,No,,
553,aditi_153,,,,No,,
554,aditi_154,,,,No,,
555,aditi_155,8 - 12 years,Female,Neutered,No,,
556,aditi_156,,,,No,,
557,aditi_158,,,,No,,
558,aditi_160,,,,No,,
559,aditi_161,,,,No,,
560,aditi_162,,,,No,,
561,aditi_163,,,,No,,
562,aditi_164,,,,Have not observed,,
563,aditi_165,,,,No,,
564,aditi_169,,,,Yes,,
565,aditi_170,,,,No,,
566,aditi_171,,,,No,,
567,aditi_175,,,,No,,
568,samyamee_1,,,,,,
569,samyamee_2,,,,,,
570,samyamee_5,,,,,,
571,samyamee_7,,,,No,,
572,samyamee_8,,,,No,,
573,samyamee_10,,,,No,,
574,samyamee_16,,,,No,,
575,samyamee_19,,,,No,,
576,samyamee_23,1-3 years,Female,Not neutered,Yes,,
577,samyamee_24,,,,No,,
578,samyamee_25,,,,No,,
579,samyamee_26,,,,No,,
580,samyamee_28,,,,No,,
581,samyamee_29,,,,Yes,,
582,samyamee_43,,,,Yes,,
583,samyamee_47,,,,No,,
584,samyamee_48,,,,No,,
585,samyamee_49,,,,No,,
586,samyamee_53,,,,No,,
587,samyamee_54,,,,No,,
588,samyamee_56,,,,No,,
589,samyamee_57,,,,No,,
590,samyamee_58,,,,No,,
591,samyamee_59,,,,No,,
592,samyamee_60,5-8 years,Male,Not neutered,No,,
593,samyamee_61,,,,Yes,,
594,samyamee_62,12 years and older,Male,Neutered,No,,
595,samyamee_63,,,,No,,
596,samyamee_65,,,,No,,
597,samyamee_66,,,,No,,
598,samyamee_67,8 - 12 years,Female,Neutered,No,,
599,samyamee_68,,Male,Not neutered,No,,
600,samyamee_69,,,,No,,
601,samyamee_70,,,,No,,
602,samyamee_73,,,,No,,
603,samyamee_74,,,,No,,
604,samyamee_76,,,,No,,
605,samyamee_78,,Female,Neutered,No,,
606,samyamee_79,,,,No,,
607,samyamee_82,1-3 years,,,Yes,,
608,samyamee_84,,,,Have not observed,,
609,samyamee_85,5-8 years,Female,Not neutered,Yes,,
610,samyamee_86,,,,No,,
611,samyamee_87,1-3 years,Male,Neutered,No,,
612,samyamee_90,,,,No,,
613,samyamee_91,,,,No,,
614,samyamee_92,0-3 months,Female,Neutered,No,,
615,samyamee_93,,,,No,,
616,samyamee_94,,,,No,,
617,samyamee_95,,,,No,,
618,samyamee_96,,,,No,,
619,samyamee_97,,,,No,,
620,samyamee_98,,,,No,,
621,samyamee_99,,,,No,,
622,samyamee_100,,,,No,,
623,samyamee_103,,,,Have not observed,,
624,samyamee_105,1-3 years,Male,Neutered,Have not observed,,
625,samyamee_107,,,,Have not observed,,
626,samyamee_108,3-5 years,Female,Neutered,No,,
627,samyamee_109,,,,No,,
628,samyamee_110,,,,,,
629,samyamee_111,,,,No,,
630,samyamee_112,,,,No,,
631,samyamee_114,,,,Yes,,
632,samyamee_115,,,,Have not observed,,
633,samyamee_116,,,,No,,
634,samyamee_117,,,,No,,
635,samyamee_118,,,,No,,
636,samyamee_119,,,,No,,
637,samyamee_121,8 - 12 years,Male,Neutered,No,,
638,samyamee_123,,,,No,,
639,samyamee_124,,,,Yes,,
640,samyamee_125,,,,Yes,,
641,samyamee_126,,,,No,,
642,samyamee_127,,,,No,,
643,hindi_1,,,,No,,
644,hindi_2,,,,No,,
645,hindi_3,,,,No,,
646,hindi_4,,,,No,,
647,hindi_6,,,,No,,
648,hindi_7,,,,No,,
649,hindi_8,,,,No,,
650,hindi_9,,,,No,,
651,hindi_10,,,,No,,
652,hindi_11,,,,No,,
653,hindi_12,,,,No,,
654,hindi_13,1-3 years,Female,Neutered,No,,
655,hindi_15,,,,No,,
656,hindi_16,,,,No,,
657,hindi_17,,,,No,,
658,hindi_18,,,,No,,
659,hindi_19,,,,No,,
660,hindi_21,,,,No,,
661,hindi_22,,,,No,,
662,hindi_23,,,,Yes,,
663,hindi_24,0-3 months,Male,Not neutered,Yes,,
664,hindi_26,,,,No,,
665,hindi_27,,,,No,,
666,hindi_28,,,,No,,
667,hindi_29,,,,No,,
668,hindi_31,,,,No,,
669,hindi_32,,,,No,,
670,hindi_34,,,,No,,
671,hindi_35,,,,No,,
672,hindi_36,,,,No,,
673,hindi_37,,,,No,,
674,hindi_38,,,,No,,
675,aditi_5,,,,No,,
676,aditi_6,,Male,,No,,
677,aditi_7,,,,No,,
678,aditi_11,,,,No,,
679,aditi_12,,,,No,,
680,aditi_14,,,,No,,
681,aditi_16,,,,Yes,,
682,aditi_17,,,,Yes,,
683,aditi_19,,,,No,,
684,aditi_20,,,,No,,
685,aditi_21,,,,No,,
686,aditi_22,,,,Yes,,
687,aditi_23,,,,No,,
688,aditi_24,,,,No,,
689,aditi_25,,,,No,,
690,aditi_26,,,,No,,
691,aditi_27,3-5 years,Female,,No,,
692,aditi_28,,,,No,,
693,aditi_31,,,,No,,
694,aditi_32,,,,No,,
695,aditi_33,,,,No,,
696,aditi_34,,,,No,,
697,aditi_35,,,,No,,
698,aditi_36,,,,No,,
699,aditi_37,,,,No,,
700,aditi_40,,,,No,,
701,aditi_41,,,,No,,
702,aditi_43,,,,No,,
703,aditi_46,,,,No,,
704,aditi_51,,,,No,,
705,aditi_53,,,,No,,
706,aditi_54,,,,No,,
707,aditi_55,,,,No,,
708,aditi_56,,,,No,,
709,aditi_57,,,,No,,
710,aditi_58,,,,Yes,,
711,aditi_61,,,,No,,
712,aditi_62,,,,No,,
713,aditi_63,,,,Yes,,
714,aditi_64,,,,No,,
715,aditi_66,,,,No,,
716,aditi_69,,,,No,,
717,aditi_70,,,,No,,
718,aditi_71,,,,Yes,,
719,aditi_74,,,,No,,
720,aditi_76,,,,No,,
721,aditi_77,,,,Yes,,
722,aditi_78,,,,No,,
723,aditi_79,,,,No,,
724,aditi_80,,,,No,,
725,aditi_81,,,,No,,
726,aditi_82,,,,No,,
727,aditi_86,,,,No,,
728,aditi_87,,,,No,,
729,aditi_88,,,,No,,
730,aditi_89,,,,No,,
731,aditi_90,,,,No,,
732,aditi_91,,,,No,,
733,aditi_93,,,,Yes,,
734,aditi_95,,,,No,,
735,aditi_96,,,,Yes,,
736,aditi_97,,,,No,,
737,aditi_98,,,,No,,
738,aditi_99,,,,Yes,,
739,aditi_100,,,,No,,
740,aditi_101,,,,No,,
741,aditi_102,0-3 months,Male,Not neutered,Yes,,
742,aditi_103,,,,No,,
743,aditi_104,,,,Yes,,
744,aditi_105,,,,No,,
745,aditi_106,,,,No,,
746,aditi_107,,,,Yes,,
747,aditi_108,,,,Yes,,
748,aditi_109,,,,Have not observed,,
749,aditi_110,,,,No,,
750,aditi_113,3-5 years,Male,Neutered,No,,
751,aditi_114,,,,No,,
752,aditi_115,,,,No,,
753,aditi_117,1-3 years,Male,Not neutered,Yes,,
754,aditi_119,,,,No,,
755,aditi_120,,,,No,,
756,aditi_121,,,,No,,
757,aditi_122,,,,No,,
758,aditi_123,,,,No,,
759,aditi_124,,,,No,,
760,aditi_126,,,,No,,
761,aditi_127,,,,No,,
762,aditi_128,,,,No,,
763,aditi_129,1-3 years,Female,Not neutered,No,,
764,aditi_130,,,,No,,
765,aditi_131,,,,No,,
766,aditi_132,,,,No,,
767,aditi_134,,,,Have not observed,,
768,aditi_136,,,,No,,
769,aditi_140,,,,No,,
770,aditi_141,,,,Have not observed,,
771,aditi_143,,,,No,,
772,aditi_144,,,,No,,
773,aditi_145,,,,Have not observed,,
774,aditi_146,,,,No,,
775,aditi_148,,,,No,,
776,aditi_151,,,,No,,
777,aditi_152,,,,No,,
778,aditi_153,,,,No,,
779,aditi_154,,,,No,,
780,aditi_155,12 years and older,Female,Neutered,No,,
781,aditi_156,,,,No,,
782,aditi_158,,,,No,,
783,aditi_160,,,,No,,
784,aditi_161,,,,No,,
785,aditi_162,,,,No,,
786,aditi_163,,,,No,,
787,aditi_164,,,,Have not observed,,
788,aditi_165,,,,No,,
789,aditi_169,,,,Yes,,
790,aditi_170,,,,No,,
791,aditi_171,,,,No,,
792,aditi_175,,,,No,,
793,samyamee_1,,,,,,
794,samyamee_2,,,,,,
795,samyamee_5,,,,,,
796,samyamee_7,,,,No,,
797,samyamee_8,,,,No,,
798,samyamee_10,,,,No,,
799,samyamee_16,,,,No,,
800,samyamee_19,,,,No,,
801,samyamee_23,1-3 years,Male,Neutered,Yes,,Once every few months
802,samyamee_24,,,,No,,
803,samyamee_25,,,,No,,
804,samyamee_26,,,,No,,
805,samyamee_28,,,,No,,
806,samyamee_29,,,,Yes,,
807,samyamee_43,,,,Yes,,
808,samyamee_47,,,,No,,
809,samyamee_48,,,,No,,
810,samyamee_49,,,,No,,
811,samyamee_53,,,,No,,
812,samyamee_54,,,,No,,
813,samyamee_56,,,,No,,
814,samyamee_57,,,,No,,
815,samyamee_58,,,,No,,
816,samyamee_59,,,,No,,
817,samyamee_60,,,,No,,
818,samyamee_61,,,,Yes,,
819,samyamee_62,,,,No,,
820,samyamee_63,,,,No,,
821,samyamee_65,,,,No,,
822,samyamee_66,,,,No,,
823,samyamee_67,8 - 12 years,Male,Neutered,No,,
824,samyamee_68,,,,No,,
825,samyamee_69,,,,No,,
826,samyamee_70,,,,No,,
827,samyamee_73,,,,No,,
828,samyamee_74,,,,No,,
829,samyamee_76,,,,No,,
830,samyamee_78,,Female,Neutered,No,,
831,samyamee_79,,,,No,,
832,samyamee_82,,,,Yes,,
833,samyamee_84,,,,Have not observed,,
834,samyamee_85,5-8 years,Female,Not neutered,Yes,,
835,samyamee_86,,,,No,,
836,samyamee_87,,,,No,,
837,samyamee_90,,,,No,,
838,samyamee_91,,,,No,,
839,samyamee_92,,,,No,,
840,samyamee_93,,,,No,,
841,samyamee_94,,,,No,,
842,samyamee_95,,,,No,,
843,samyamee_96,,,,No,,
844,samyamee_97,,,,No,,
845,samyamee_98,,,,No,,
846,samyamee_99,,,,No,,
847,samyamee_100,,,,No,,
848,samyamee_103,,,,Have not observed,,
849,samyamee_105,,,,Have not observed,,
850,samyamee_107,,,,Have not observed,,
851,samyamee_108,,,,No,,
852,samyamee_109,,,,No,,
853,samyamee_110,,,,,,
854,samyamee_111,,,,No,,
855,samyamee_112,,,,No,,
856,samyamee_114,,,,Yes,,
857,samyamee_115,,,,Have not observed,,
858,samyamee_116,,,,No,,
859,samyamee_117,,,,No,,
860,samyamee_118,,,,No,,
861,samyamee_119,,,,No,,
862,samyamee_121,,,,No,,
863,samyamee_123,,,,No,,
864,samyamee_124,,,,Yes,,
865,samyamee_125,,,,Yes,,
866,samyamee_126,,,,No,,
867,samyamee_127,,,,No,,
868,hindi_1,,,,No,,
869,hindi_2,,,,No,,
870,hindi_3,,,,No,,
871,hindi_4,,,,No,,
872,hindi_6,,,,No,,
873,hindi_7,,,,No,,
874,hindi_8,,,,No,,
875,hindi_9,,,,No,,
876,hindi_10,,,,No,,
877,hindi_11,,,,No,,
878,hindi_12,,,,No,,
879,hindi_13,1-3 years,Female,Neutered,No,,
880,hindi_15,,,,No,,
881,hindi_16,,,,No,,
882,hindi_17,,,,No,,
883,hindi_18,,,,No,,
884,hindi_19,,,,No,,
885,hindi_21,,,,No,,
886,hindi_22,,,,No,,
887,hindi_23,,,,Yes,,
888,hindi_24,0-3 months,Female,Not neutered,Yes,,
889,hindi_26,,,,No,,
890,hindi_27,,,,No,,
891,hindi_28,,,,No,,
892,hindi_29,,,,No,,
893,hindi_31,,,,No,,
894,hindi_32,,,,No,,
895,hindi_34,,,,No,,
896,hindi_35,0-3 months,,,No,,
897,hindi_36,,,,No,,
898,hindi_37,,,,No,,
899,hindi_38,,,,No,,
900,aditi_5,,,,No,,
901,aditi_6,,Male,,No,,
902,aditi_7,,,,No,,
903,aditi_11,,,,No,,
904,aditi_12,,,,No,,
905,aditi_14,,,,No,,
906,aditi_16,,,,Yes,,
907,aditi_17,,,,Yes,,
908,aditi_19,,,,No,,
909,aditi_20,,,,No,,
910,aditi_21,,,,No,,
911,aditi_22,,,,Yes,,
912,aditi_23,,,,No,,
913,aditi_24,,,,No,,
914,aditi_25,,,,No,,
915,aditi_26,,,,No,,
916,aditi_27,,,,No,,
917,aditi_28,,,,No,,
918,aditi_31,,,,No,,
919,aditi_32,,,,No,,
920,aditi_33,,,,No,,
921,aditi_34,,,,No,,
922,aditi_35,,,,No,,
923,aditi_36,,,,No,,
924,aditi_37,,,,No,,
925,aditi_40,,,,No,,
926,aditi_41,,,,No,,
927,aditi_43,,,,No,,
928,aditi_46,,,,No,,
929,aditi_51,,,,No,,
930,aditi_53,,,,No,,
931,aditi_54,,,,No,,
932,aditi_55,,,,No,,
933,aditi_56,,,,No,,
934,aditi_57,,,,No,,
935,aditi_58,,,,Yes,,
936,aditi_61,,,,No,,
937,aditi_62,,,,No,,
938,aditi_63,,,,Yes,,
939,aditi_64,,,,No,,
940,aditi_66,,,,No,,
941,aditi_69,,,,No,,
942,aditi_70,,,,No,,
943,aditi_71,,,,Yes,,
944,aditi_74,,,,No,,
945,aditi_76,,,,No,,
946,aditi_77,,,,Yes,,
947,aditi_78,,,,No,,
948,aditi_79,,,,No,,
949,aditi_80,,,,No,,
950,aditi_81,,,,No,,
951,aditi_82,,,,No,,
952,aditi_86,,,,No,,
953,aditi_87,,,,No,,
954,aditi_88,,,,No,,
955,aditi_89,,,,No,,
956,aditi_90,,,,No,,
957,aditi_91,,,,No,,
958,aditi_93,,,,Yes,,
959,aditi_95,,,,No,,
960,aditi_96,,,,Yes,,
961,aditi_97,,,,No,,
962,aditi_98,,,,No,,
963,aditi_99,,,,Yes,,
964,aditi_100,,,,No,,
965,aditi_101,,,,No,,
966,aditi_102,0-3 months,Male,Not neutered,Yes,,
967,aditi_103,,,,No,,
968,aditi_104,,,,Yes,,
969,aditi_105,,,,No,,
970,aditi_106,,,,No,,
971,aditi_107,,,,Yes,,
972,aditi_108,,,,Yes,,
973,aditi_109,,,,Have not observed,,
974,aditi_110,,,,No,,
975,aditi_113,,,,No,,
976,aditi_114,,,,No,,
977,aditi_115,,,,No,,
978,aditi_117,1-3 years,Female,Not neutered,Yes,,
979,aditi_119,,,,No,,
980,aditi_120,,,,No,,
981,aditi_121,,,,No,,
982,aditi_122,,,,No,,
983,aditi_123,,,,No,,
984,aditi_124,,,,No,,
985,aditi_126,,,,No,,
986,aditi_127,,,,No,,
987,aditi_128,,,,No,,
988,aditi_129,1-3 years,Female,Not neutered,No,,
989,aditi_130,,,,No,,
990,aditi_131,,,,No,,
991,aditi_132,,,,No,,
992,aditi_134,,,,Have not observed,,
993,aditi_136,,,,No,,
994,aditi_140,,,,No,,
995,aditi_141,,,,Have not observed,,
996,aditi_143,,,,No,,
997,aditi_144,,,,No,,
998,aditi_145,,,,Have not observed,,
999,aditi_146,,,,No,,
1000,aditi_148,,,,No,,
1001,aditi_151,0-3 months,,,No,,
1002,aditi_152,,,,No,,
1003,aditi_153,,,,No,,
1004,aditi_154,,,,No,,
1005,aditi_155,8 - 12 years,Female,Neutered,No,,
1006,aditi_156,,,,No,,
1007,aditi_158,,,,No,,
1008,aditi_160,,,,No,,
1009,aditi_161,,,,No,,
1010,aditi_162,,,,No,,
1011,aditi_163,,,,No,,
1012,aditi_164,,,,Have not observed,,
1013,aditi_165,,,,No,,
1014,aditi_169,,,,Yes,,
1015,aditi_170,,,,No,,
1016,aditi_171,,,,No,,
1017,aditi_175,,,,No,,
1018,samyamee_1,,,,,,
1019,samyamee_2,,,,,,
1020,samyamee_5,,,,,,
1021,samyamee_7,,,,No,,
1022,samyamee_8,,,,No,,
1023,samyamee_10,,,,No,,
1024,samyamee_16,,,,No,,
1025,samyamee_19,,,,No,,
1026,samyamee_23,3-5 years,Male,Neutered,Yes,,Once every few months
1027,samyamee_24,,,,No,,
1028,samyamee_25,,,,No,,
1029,samyamee_26,,,,No,,
1030,samyamee_28,,,,No,,
1031,samyamee_29,,,,Yes,,
1032,samyamee_43,,,,Yes,,
1033,samyamee_47,,,,No,,
1034,samyamee_48,,,,No,,
1035,samyamee_49,,,,No,,
1036,samyamee_53,,,,No,,
1037,samyamee_54,,,,No,,
1038,samyamee_56,,,,No,,
1039,samyamee_57,,,,No,,
1040,samyamee_58,,,,No,,
1041,samyamee_59,,,,No,,
1042,samyamee_60,,,,No,,
1043,samyamee_61,,,,Yes,,
1044,samyamee_62,,,,No,,
1045,samyamee_63,,,,No,,
1046,samyamee_65,,,,No,,
1047,samyamee_66,,,,No,,
1048,samyamee_67,8 - 12 years,Male,Not neutered,No,,
1049,samyamee_68,,,,No,,
1050,samyamee_69,,,,No,,
1051,samyamee_70,,,,No,,
1052,samyamee_73,,,,No,,
1053,samyamee_74,,,,No,,
1054,samyamee_76,,,,No,,
1055,samyamee_78,12 years and older,Female,Neutered,No,,
1056,samyamee_79,,,,No,,
1057,samyamee_82,,,,Yes,,
1058,samyamee_84,5-8 years,,,Have not observed,,
1059,samyamee_85,5-8 years,Female,Not neutered,Yes,,Once a month
1060,samyamee_86,,,,No,,
1061,samyamee_87,,,,No,,
1062,samyamee_90,,,,No,,
1063,samyamee_91,,,,No,,
1064,samyamee_92,,,,No,,
1065,samyamee_93,,,,No,,
1066,samyamee_94,,,,No,,
1067,samyamee_95,,,,No,,
1068,samyamee_96,,,,No,,
1069,samyamee_97,,,,No,,
1070,samyamee_98,,,,No,,
1071,samyamee_99,,,,No,,
1072,samyamee_100,,,,No,,
1073,samyamee_103,,,,Have not observed,,
1074,samyamee_105,,,,Have not observed,,
1075,samyamee_107,,,,Have not observed,,
1076,samyamee_108,,,,No,,
1077,samyamee_109,,,,No,,
1078,samyamee_110,,,,,,
1079,samyamee_111,,,,No,,
1080,samyamee_112,,,,No,,
1081,samyamee_114,0-3 months,,,Yes,,
1082,samyamee_115,,,,Have not observed,,
1083,samyamee_116,,,,No,,
1084,samyamee_117,,,,No,,
1085,samyamee_118,,,,No,,
1086,samyamee_119,,,,No,,
1087,samyamee_121,,,,No,,
1088,samyamee_123,,,,No,,
1089,samyamee_124,,,,Yes,,
1090,samyamee_125,,,,Yes,,
1091,samyamee_126,,,,No,,
1092,samyamee_127,,,,No,,
1093,hindi_1,,,,No,,
1094,hindi_2,,,,No,,
1095,hindi_3,,,,No,,
1096,hindi_4,,,,No,,
1097,hindi_6,,,,No,,
1098,hindi_7,,,,No,,
1099,hindi_8,,,,No,,
1100,hindi_9,,,,No,,
1101,hindi_10,,,,No,,
1102,hindi_11,,,,No,,
1103,hindi_12,,,,No,,
1104,hindi_13,1-3 years,Female,Neutered,No,,
1105,hindi_15,,,,No,,
1106,hindi_16,,,,No,,
1107,hindi_17,,,,No,,
1108,hindi_18,,,,No,,
1109,hindi_19,,,,No,,
1110,hindi_21,,,,No,,
1111,hindi_22,,,,No,,
1112,hindi_23,,,,Yes,,
1113,hindi_24,0-3 months,Female,Not neutered,Yes,,
1114,hindi_26,,,,No,,
1115,hindi_27,,,,No,,
1116,hindi_28,,,,No,,
1117,hindi_29,,,,No,,
1118,hindi_31,,,,No,,
1119,hindi_32,,,,No,,
1120,hindi_34,,,,No,,
1121,hindi_35,,,,No,,
1122,hindi_36,,,,No,,
1123,hindi_37,,,,No,,
1124,hindi_38,,,,No,,
